id,budget_id,date,amount,payee_name,category_id,category_name,account_name,memo,approved,cleared,transfer_account_id,transfer_account_name,debt_transaction_type,is_split,parent_transaction_id
1ff2f37a-a0c7-4bfb-a179-94335ae93f6a,aaaaaaaa-bbbb-cccc-dddd-eeeeeeeeeeee,2025-12-14,-68.96,Amazon Marketplace,,Split,Rewards Visa,,1,cleared,,,,1,
803320e0-ae05-47f0-a90b-8e940b0007c1,aaaaaaaa-bbbb-cccc-dddd-eeeeeeeeeeee,2025-12-14,-11.99,Amazon Marketplace,44672071-39c3-4d7f-b022-b50059b93a46,General Shopping,Rewards Visa,Sticky Notes Variety,1,cleared,,,,0,1ff2f37a-a0c7-4bfb-a179-94335ae93f6a
728cfdd3-6c2b-45bf-99fe-477ae5805057,aaaaaaaa-bbbb-cccc-dddd-eeeeeeeeeeee,2025-12-14,-19.99,Amazon Marketplace,44672071-39c3-4d7f-b022-b50059b93a46,General Shopping,Rewards Visa,Desk Organizer,1,cleared,,,,0,1ff2f37a-a0c7-4bfb-a179-94335ae93f6a
fcb030c9-5323-4c4e-af41-f2b2f2f59a1a,aaaaaaaa-bbbb-cccc-dddd-eeeeeeeeeeee,2025-12-14,-8.99,Amazon Marketplace,44672071-39c3-4d7f-b022-b50059b93a46,General Shopping,Rewards Visa,Pens Ballpoint 24-Pack,1,cleared,,,,0,1ff2f37a-a0c7-4bfb-a179-94335ae93f6a
bc5ae4c9-6426-4ca8-82fa-2404aee06e3b,aaaaaaaa-bbbb-cccc-dddd-eeeeeeeeeeee,2025-12-14,-27.99,Amazon Marketplace,951382ad-29ea-45c0-8de2-3b05bae9f1b2,Home Goods,Rewards Visa,LED Desk Lamp,1,cleared,,,,0,1ff2f37a-a0c7-4bfb-a179-94335ae93f6a
0d49522a-87f1-4fe7-90b3-e9df6a67379c,aaaaaaaa-bbbb-cccc-dddd-eeeeeeeeeeee,2025-12-14,-53.78,Golden Dragon Restaurant,42bb8ceb-37f0-4cc0-b28e-d967578503fc,Dining Out,Rewards Visa,,1,cleared,,,,0,
8fdc4eea-253d-4399-ba34-78b1edf0c450,aaaaaaaa-bbbb-cccc-dddd-eeeeeeeeeeee,2025-12-14,-49.28,Comfort Living,951382ad-29ea-45c0-8de2-3b05bae9f1b2,Home Goods,Rewards Visa,,1,cleared,,,,0,
1eda4e69-0535-482c-86d0-3633b86651a9,aaaaaaaa-bbbb-cccc-dddd-eeeeeeeeeeee,2025-12-14,-44.67,Little Ones Shop,c7826ef0-d98c-4bd1-8608-d3b91e038b30,Baby & Kids,Rewards Visa,,1,cleared,,,,0,
beb03155-f1a4-499b-b76f-bd231893d7de,aaaaaaaa-bbbb-cccc-dddd-eeeeeeeeeeee,2025-12-14,-56.66,City Water District,af8c6329-3e75-4d42-8497-3eefb30da322,Water/Sewer,Rewards Visa,,1,cleared,,,,0,
9dc75caa-b593-4c75-a491-31855b8fee84,aaaaaaaa-bbbb-cccc-dddd-eeeeeeeeeeee,2025-12-13,-70.53,Green Leaf Grocers,19a59c78-334b-4401-8019-5e12b9e917d6,Groceries,Rewards Visa,,1,cleared,,,,0,
bcbe9532-5622-4055-a938-e34fcf054426,aaaaaaaa-bbbb-cccc-dddd-eeeeeeeeeeee,2025-12-13,-11.37,Roasted Bliss,d4673e6d-97e5-478e-9098-d7825642274f,Coffee Shops,Rewards Visa,,1,cleared,,,,0,
354684fe-d379-46ba-8d33-bb07c3449f4e,aaaaaaaa-bbbb-cccc-dddd-eeeeeeeeeeee,2025-12-13,-74.78,TechMart Electronics,9a9f9e4f-30c3-448a-a847-92526ec6db95,Electronics,Rewards Visa,,1,cleared,,,,0,
1a4edf8b-3497-4289-b052-ec82c1e8f286,aaaaaaaa-bbbb-cccc-dddd-eeeeeeeeeeee,2025-12-13,-37.84,Classic Outfitters,d9f19040-eab9-4326-8deb-aa0f1bd649eb,Clothing,Rewards Visa,,1,cleared,,,,0,
a8242c87-d52e-446f-bd10-5b4dfbe9a9e4,aaaaaaaa-bbbb-cccc-dddd-eeeeeeeeeeee,2025-12-13,-46.22,Yoga Studio,ca4b0759-d855-4f21-8499-42025bab4419,Fitness,Rewards Visa,,1,cleared,,,,0,
0adb82b8-d91c-45d8-a75d-d184188b4615,aaaaaaaa-bbbb-cccc-dddd-eeeeeeeeeeee,2025-12-12,-83.96,Amazon Marketplace,,Split,Rewards Visa,,1,cleared,,,,1,
bfb57bc6-7e76-4d26-a28c-709248775462,aaaaaaaa-bbbb-cccc-dddd-eeeeeeeeeeee,2025-12-12,-24.99,Amazon Marketplace,951382ad-29ea-45c0-8de2-3b05bae9f1b2,Home Goods,Rewards Visa,Throw Blanket Fleece,1,cleared,,,,0,0adb82b8-d91c-45d8-a75d-d184188b4615
c7e21824-12ba-452a-a511-9a848920a615,aaaaaaaa-bbbb-cccc-dddd-eeeeeeeeeeee,2025-12-12,-9.99,Amazon Marketplace,951382ad-29ea-45c0-8de2-3b05bae9f1b2,Home Goods,Rewards Visa,Wall Hooks 4-Pack,1,cleared,,,,0,0adb82b8-d91c-45d8-a75d-d184188b4615
f7decfec-a3c3-47a0-a39c-da25b575462c,aaaaaaaa-bbbb-cccc-dddd-eeeeeeeeeeee,2025-12-12,-18.99,Amazon Marketplace,951382ad-29ea-45c0-8de2-3b05bae9f1b2,Home Goods,Rewards Visa,Storage Containers 10-Pack,1,cleared,,,,0,0adb82b8-d91c-45d8-a75d-d184188b4615
4f335ffd-de2f-4242-bf76-d687c0bc19e7,aaaaaaaa-bbbb-cccc-dddd-eeeeeeeeeeee,2025-12-12,-29.99,Amazon Marketplace,951382ad-29ea-45c0-8de2-3b05bae9f1b2,Home Goods,Rewards Visa,Dish Drying Rack,1,cleared,,,,0,0adb82b8-d91c-45d8-a75d-d184188b4615
ce10bf0a-0ea8-4a9a-9234-6e4d724891c2,aaaaaaaa-bbbb-cccc-dddd-eeeeeeeeeeee,2025-12-12,-66.97,AMZN Mktp,,Split,Rewards Visa,,1,cleared,,,,1,
df79879c-617e-424e-bc3e-1273b9eb63dd,aaaaaaaa-bbbb-cccc-dddd-eeeeeeeeeeee,2025-12-12,-14.99,AMZN Mktp,d97766af-77f1-4468-adfc-df962d27e024,Healthcare,Rewards Visa,Sunscreen SPF 50,1,cleared,,,,0,ce10bf0a-0ea8-4a9a-9234-6e4d724891c2
bc78796a-f6ca-431b-84f3-5156a2cc8f88,aaaaaaaa-bbbb-cccc-dddd-eeeeeeeeeeee,2025-12-12,-34.99,AMZN Mktp,d97766af-77f1-4468-adfc-df962d27e024,Healthcare,Rewards Visa,Electric Toothbrush,1,cleared,,,,0,ce10bf0a-0ea8-4a9a-9234-6e4d724891c2
dbd2becb-5ce4-4208-a6fc-0658ee72d0ed,aaaaaaaa-bbbb-cccc-dddd-eeeeeeeeeeee,2025-12-12,-16.99,AMZN Mktp,c7826ef0-d98c-4bd1-8608-d3b91e038b30,Baby & Kids,Rewards Visa,Baby Bath Toys Set,1,cleared,,,,0,ce10bf0a-0ea8-4a9a-9234-6e4d724891c2
96f0f2e0-3400-4d62-8732-02c81f78dc80,aaaaaaaa-bbbb-cccc-dddd-eeeeeeeeeeee,2025-12-12,-14.19,MusicBox Premium,36b782be-b33c-4ae9-9116-b3a794e430f1,Subscriptions,Rewards Visa,,1,cleared,,,,0,
3aef426f-5048-4a5b-afa5-ecac088c155a,aaaaaaaa-bbbb-cccc-dddd-eeeeeeeeeeee,2025-12-12,-77.33,Valley Pharmacy,d97766af-77f1-4468-adfc-df962d27e024,Healthcare,Rewards Visa,,1,cleared,,,,0,
95423927-aa3c-4a0f-a0ae-5e5277789d4e,aaaaaaaa-bbbb-cccc-dddd-eeeeeeeeeeee,2025-12-12,-110.91,Metro Power Co,603b716e-440b-47fc-99ad-5995588b6c71,Electricity,Rewards Visa,,1,cleared,,,,0,
1fec2713-1479-49fe-8286-f58667f26939,aaaaaaaa-bbbb-cccc-dddd-eeeeeeeeeeee,2025-12-12,-60.86,Sunshine Foods,19a59c78-334b-4401-8019-5e12b9e917d6,Groceries,Rewards Visa,,1,cleared,,,,0,
5e87733e-ef4c-4b35-83e8-ea281b6e64ff,aaaaaaaa-bbbb-cccc-dddd-eeeeeeeeeeee,2025-12-11,-49.76,Gadget Galaxy,9a9f9e4f-30c3-448a-a847-92526ec6db95,Electronics,Rewards Visa,,1,cleared,,,,0,
33b57504-ceb7-4f95-bd32-9c30f4d8f371,aaaaaaaa-bbbb-cccc-dddd-eeeeeeeeeeee,2025-12-11,-169.06,City Water District,af8c6329-3e75-4d42-8497-3eefb30da322,Water/Sewer,Rewards Visa,,1,cleared,,,,0,
938206bf-0797-4f1a-86ef-251f4ec16482,aaaaaaaa-bbbb-cccc-dddd-eeeeeeeeeeee,2025-12-11,-92.57,Metro Power Co,603b716e-440b-47fc-99ad-5995588b6c71,Electricity,Rewards Visa,,1,cleared,,,,0,
812e29b5-359c-4210-9718-44c169c0e46f,aaaaaaaa-bbbb-cccc-dddd-eeeeeeeeeeee,2025-12-11,-83.66,TechMart Electronics,9a9f9e4f-30c3-448a-a847-92526ec6db95,Electronics,Rewards Visa,,1,cleared,,,,0,
400665a4-cea0-470f-af31-cb204a340cf4,aaaaaaaa-bbbb-cccc-dddd-eeeeeeeeeeee,2025-12-11,-83.7,FastNet Internet,50e0e035-d713-4a6d-be1f-e853184fe2df,Internet,Rewards Visa,,1,cleared,,,,0,
ca238a56-6cbe-40df-810c-1298026843f0,aaaaaaaa-bbbb-cccc-dddd-eeeeeeeeeeee,2025-12-10,-10.45,StreamFlix,36b782be-b33c-4ae9-9116-b3a794e430f1,Subscriptions,Rewards Visa,,1,cleared,,,,0,
4128c16c-2002-420b-a802-43b2d7523e61,aaaaaaaa-bbbb-cccc-dddd-eeeeeeeeeeee,2025-12-10,-50.99,AutoCare Service Center,93546e19-f488-43df-9bfb-1879d71e7208,Car Maintenance,Rewards Visa,,1,cleared,,,,0,
e981a4b3-6b65-40b1-b91c-9bea9a0e8d4a,aaaaaaaa-bbbb-cccc-dddd-eeeeeeeeeeee,2025-12-10,-124.16,City Water District,af8c6329-3e75-4d42-8497-3eefb30da322,Water/Sewer,Rewards Visa,,1,cleared,,,,0,
705f60d0-1826-41f4-a527-ba1bdf2c737e,aaaaaaaa-bbbb-cccc-dddd-eeeeeeeeeeee,2025-12-09,-38.98,Amazon,,Uncategorized,Rewards Visa,,0,cleared,,,,0,
098e740a-1515-4479-84dd-1f68c61079cd,aaaaaaaa-bbbb-cccc-dddd-eeeeeeeeeeee,2025-12-09,-18.92,StreamFlix,36b782be-b33c-4ae9-9116-b3a794e430f1,Subscriptions,Rewards Visa,,1,cleared,,,,0,
059ec9f0-d24b-407e-a8d3-c138b05e0ff1,aaaaaaaa-bbbb-cccc-dddd-eeeeeeeeeeee,2025-12-09,-38.75,Speedy Fuel,0f0823c2-1186-461d-a46e-1d41ad869106,Gas,Rewards Visa,,1,cleared,,,,0,
b2d9e271-6a72-437f-88da-3a2627fa9bac,aaaaaaaa-bbbb-cccc-dddd-eeeeeeeeeeee,2025-12-09,-14.52,Kids Corner,c7826ef0-d98c-4bd1-8608-d3b91e038b30,Baby & Kids,Rewards Visa,,1,cleared,,,,0,
96810491-48c1-4f77-97b2-1c9c7aac64d4,aaaaaaaa-bbbb-cccc-dddd-eeeeeeeeeeee,2025-12-08,-35.33,Speedy Fuel,0f0823c2-1186-461d-a46e-1d41ad869106,Gas,Rewards Visa,,1,cleared,,,,0,
7aba62c5-9349-4c36-857a-7e091f97ee00,aaaaaaaa-bbbb-cccc-dddd-eeeeeeeeeeee,2025-12-08,-57.8,Concert Hall,ce39dc32-7f4e-4a4f-9328-68c9f697f6d2,Entertainment,Rewards Visa,,1,cleared,,,,0,
d43c6130-b44c-4edb-8991-87553698dafb,aaaaaaaa-bbbb-cccc-dddd-eeeeeeeeeeee,2025-12-08,-65.14,Gadget Galaxy,9a9f9e4f-30c3-448a-a847-92526ec6db95,Electronics,Rewards Visa,,1,cleared,,,,0,
f675e513-d7b1-4503-9488-5ff8f5e631d5,aaaaaaaa-bbbb-cccc-dddd-eeeeeeeeeeee,2025-12-07,-53.96,Amazon Prime,,Uncategorized,Rewards Visa,,0,cleared,,,,0,
a402657c-da84-4b7e-97fc-d4552ce3d4ba,aaaaaaaa-bbbb-cccc-dddd-eeeeeeeeeeee,2025-12-07,-76.93,Cinema World,ce39dc32-7f4e-4a4f-9328-68c9f697f6d2,Entertainment,Rewards Visa,,1,cleared,,,,0,
24ac5d83-9c17-4e83-ac07-58fb9fa62334,aaaaaaaa-bbbb-cccc-dddd-eeeeeeeeeeee,2025-12-07,-33.33,Quick Lube Express,93546e19-f488-43df-9bfb-1879d71e7208,Car Maintenance,Rewards Visa,,1,cleared,,,,0,
287cbd34-edc6-4085-b9b6-598886d3fd32,aaaaaaaa-bbbb-cccc-dddd-eeeeeeeeeeee,2025-12-07,-164.87,FastNet Internet,50e0e035-d713-4a6d-be1f-e853184fe2df,Internet,Rewards Visa,,1,cleared,,,,0,
26915ec7-6f08-4b02-ab99-73b94ac7300b,aaaaaaaa-bbbb-cccc-dddd-eeeeeeeeeeee,2025-12-07,-66.41,Kids Corner,c7826ef0-d98c-4bd1-8608-d3b91e038b30,Baby & Kids,Rewards Visa,,1,cleared,,,,0,
667a7a95-765c-463b-8a8b-0f0a07841ffa,aaaaaaaa-bbbb-cccc-dddd-eeeeeeeeeeee,2025-12-07,-61.62,MobileFirst Wireless,6cf93a84-c585-4d7e-b60a-e50c3fea7f61,Phone,Rewards Visa,,1,cleared,,,,0,
a3c358a9-f40f-4b64-9f39-41fa83e3afc5,aaaaaaaa-bbbb-cccc-dddd-eeeeeeeeeeee,2025-12-06,-100.38,FastNet Internet,50e0e035-d713-4a6d-be1f-e853184fe2df,Internet,Rewards Visa,,1,cleared,,,,0,
ad1b6d60-13ee-4621-a05e-be01e6c73d46,aaaaaaaa-bbbb-cccc-dddd-eeeeeeeeeeee,2025-12-06,-5.21,Bean There Coffee,d4673e6d-97e5-478e-9098-d7825642274f,Coffee Shops,Rewards Visa,,1,cleared,,,,0,
b8aa48d5-db3c-41cc-914e-10ca613912a9,aaaaaaaa-bbbb-cccc-dddd-eeeeeeeeeeee,2025-12-06,-23.75,Valley Pharmacy,d97766af-77f1-4468-adfc-df962d27e024,Healthcare,Rewards Visa,,1,cleared,,,,0,
471c496f-0c65-4724-aede-7469adfbd60f,aaaaaaaa-bbbb-cccc-dddd-eeeeeeeeeeee,2025-12-06,-112.23,City Water District,af8c6329-3e75-4d42-8497-3eefb30da322,Water/Sewer,Rewards Visa,,1,cleared,,,,0,
c99b8625-e343-4418-867e-934e81afb001,aaaaaaaa-bbbb-cccc-dddd-eeeeeeeeeeee,2025-12-05,-15.6,Game Zone,ce39dc32-7f4e-4a4f-9328-68c9f697f6d2,Entertainment,Rewards Visa,,1,cleared,,,,0,
fa039252-befd-4bd0-9498-580f352cdf4b,aaaaaaaa-bbbb-cccc-dddd-eeeeeeeeeeee,2025-12-05,-91.44,Yoga Studio,ca4b0759-d855-4f21-8499-42025bab4419,Fitness,Rewards Visa,,1,cleared,,,,0,
4fd54191-4f9b-4be9-b3f6-7d2c60080499,aaaaaaaa-bbbb-cccc-dddd-eeeeeeeeeeee,2025-12-05,-84.62,Corner Mart,19a59c78-334b-4401-8019-5e12b9e917d6,Groceries,Rewards Visa,,1,cleared,,,,0,
1778f663-ff8b-491b-bfa5-5396fc9210b5,aaaaaaaa-bbbb-cccc-dddd-eeeeeeeeeeee,2025-12-05,-77.81,Comfort Living,951382ad-29ea-45c0-8de2-3b05bae9f1b2,Home Goods,Rewards Visa,,1,cleared,,,,0,
32ab4e76-3bc9-4e3b-a88e-f032c7219d0a,aaaaaaaa-bbbb-cccc-dddd-eeeeeeeeeeee,2025-12-05,-770.09,Transfer : Rewards Visa,,Uncategorized,Main Checking,,1,cleared,ccddb669-3b7a-4665-ad26-652110322321,Rewards Visa,,0,
584030a9-9a3b-46b6-881c-0f521310444c,aaaaaaaa-bbbb-cccc-dddd-eeeeeeeeeeee,2025-12-05,770.09,Transfer : Main Checking,,Uncategorized,Rewards Visa,,1,cleared,efdfffd0-fbc6-4fdd-bbc9-0aa37b1f0086,Main Checking,,0,
93c8f414-467f-4826-a8f0-07a36dc9c888,aaaaaaaa-bbbb-cccc-dddd-eeeeeeeeeeee,2025-12-04,-69.97,Amazon Prime,,Uncategorized,Rewards Visa,,0,cleared,,,,0,
f2669b99-fbe5-4563-be67-b2021af5e2dc,aaaaaaaa-bbbb-cccc-dddd-eeeeeeeeeeee,2025-12-04,-82.91,FastNet Internet,50e0e035-d713-4a6d-be1f-e853184fe2df,Internet,Rewards Visa,,1,cleared,,,,0,
d9021863-ddd3-4810-b19f-ec15dd4400a5,aaaaaaaa-bbbb-cccc-dddd-eeeeeeeeeeee,2025-12-04,-12.61,Yoga Studio,ca4b0759-d855-4f21-8499-42025bab4419,Fitness,Rewards Visa,,1,cleared,,,,0,
6a7f8958-80f4-43e8-bca1-947a1bfe49e7,aaaaaaaa-bbbb-cccc-dddd-eeeeeeeeeeee,2025-12-04,-75.18,Gadget Galaxy,9a9f9e4f-30c3-448a-a847-92526ec6db95,Electronics,Rewards Visa,,1,cleared,,,,0,
3f4534e8-32b1-4794-a49e-7d46b590095c,aaaaaaaa-bbbb-cccc-dddd-eeeeeeeeeeee,2025-12-04,-98.26,Cinema World,ce39dc32-7f4e-4a4f-9328-68c9f697f6d2,Entertainment,Rewards Visa,,1,cleared,,,,0,
5858acdc-5094-4003-b22c-de5f156f7ca6,aaaaaaaa-bbbb-cccc-dddd-eeeeeeeeeeee,2025-12-04,-98.99,Corner Mart,19a59c78-334b-4401-8019-5e12b9e917d6,Groceries,Rewards Visa,,1,cleared,,,,0,
2b75bb30-f0f3-4287-9051-79077ee15fbb,aaaaaaaa-bbbb-cccc-dddd-eeeeeeeeeeee,2025-12-03,-7.43,Roasted Bliss,d4673e6d-97e5-478e-9098-d7825642274f,Coffee Shops,Rewards Visa,,1,cleared,,,,0,
2b9380f3-e051-488a-b973-788d01b199b0,aaaaaaaa-bbbb-cccc-dddd-eeeeeeeeeeee,2025-12-03,-14.53,Cinema World,ce39dc32-7f4e-4a4f-9328-68c9f697f6d2,Entertainment,Rewards Visa,,1,cleared,,,,0,
35998b2e-8508-41ed-bf92-88c9f263e1dd,aaaaaaaa-bbbb-cccc-dddd-eeeeeeeeeeee,2025-12-02,-50.92,TechMart Electronics,9a9f9e4f-30c3-448a-a847-92526ec6db95,Electronics,Rewards Visa,,1,cleared,,,,0,
b821fbba-4020-4347-9044-0cc047b69b0a,aaaaaaaa-bbbb-cccc-dddd-eeeeeeeeeeee,2025-12-02,-35.04,Gadget Galaxy,9a9f9e4f-30c3-448a-a847-92526ec6db95,Electronics,Rewards Visa,,1,cleared,,,,0,
996b81b8-fc2b-4e66-9d52-288997f8969e,aaaaaaaa-bbbb-cccc-dddd-eeeeeeeeeeee,2025-12-02,-85.14,Yoga Studio,ca4b0759-d855-4f21-8499-42025bab4419,Fitness,Rewards Visa,,1,cleared,,,,0,
34f765dc-f111-41a7-bf21-7ae518746202,aaaaaaaa-bbbb-cccc-dddd-eeeeeeeeeeee,2025-12-02,-77.41,AutoCare Service Center,93546e19-f488-43df-9bfb-1879d71e7208,Car Maintenance,Rewards Visa,,1,cleared,,,,0,
9b2c34d2-62e2-454d-b03d-684602f8b85b,aaaaaaaa-bbbb-cccc-dddd-eeeeeeeeeeee,2025-12-02,-29.57,Pizza Palace,42bb8ceb-37f0-4cc0-b28e-d967578503fc,Dining Out,Rewards Visa,,1,cleared,,,,0,
7a1b9e91-8adb-4619-a765-c45cec8c89a5,aaaaaaaa-bbbb-cccc-dddd-eeeeeeeeeeee,2025-12-02,-66.41,QuickCare Clinic,d97766af-77f1-4468-adfc-df962d27e024,Healthcare,Rewards Visa,,0,cleared,,,,0,
b7dd4124-f070-44d8-9a78-2897820f5de7,aaaaaaaa-bbbb-cccc-dddd-eeeeeeeeeeee,2025-12-01,-76.72,Golden Dragon Restaurant,42bb8ceb-37f0-4cc0-b28e-d967578503fc,Dining Out,Rewards Visa,,1,cleared,,,,0,
53cc5ff6-b5f6-4a04-a488-795d9122c120,aaaaaaaa-bbbb-cccc-dddd-eeeeeeeeeeee,2025-12-01,-143.2,City Water District,af8c6329-3e75-4d42-8497-3eefb30da322,Water/Sewer,Rewards Visa,,1,cleared,,,,0,
7946911e-b74b-4bf0-bb39-ead1077f062a,aaaaaaaa-bbbb-cccc-dddd-eeeeeeeeeeee,2025-12-01,4797.82,Employer Direct Deposit,39d68c8a-3411-4f92-ae06-ab91a308bc67,Inflow: Ready to Assign,Main Checking,,1,cleared,,,,0,
39c4b0f2-6e7b-4a39-88e4-405e5c529029,aaaaaaaa-bbbb-cccc-dddd-eeeeeeeeeeee,2025-11-30,-44.97,Amazon Marketplace,,Uncategorized,Rewards Visa,,0,cleared,,,,0,
fd9e8bac-4c36-4ae7-ac79-a826b775449d,aaaaaaaa-bbbb-cccc-dddd-eeeeeeeeeeee,2025-11-30,-28.98,Amazon Marketplace,,Uncategorized,Rewards Visa,,0,cleared,,,,0,
b09b4169-8700-4331-a2de-7c1f346ad0a7,aaaaaaaa-bbbb-cccc-dddd-eeeeeeeeeeee,2025-11-30,-16.68,NewsDaily Plus,36b782be-b33c-4ae9-9116-b3a794e430f1,Subscriptions,Rewards Visa,,1,cleared,,,,0,
8826220b-32b2-440f-8c02-30467bd7beda,aaaaaaaa-bbbb-cccc-dddd-eeeeeeeeeeee,2025-11-30,-154.92,City Water District,af8c6329-3e75-4d42-8497-3eefb30da322,Water/Sewer,Rewards Visa,,1,cleared,,,,0,
8f44e7e5-186b-4ed8-8159-20c2daa37cfd,aaaaaaaa-bbbb-cccc-dddd-eeeeeeeeeeee,2025-11-30,-64.53,HomeStyle Decor,951382ad-29ea-45c0-8de2-3b05bae9f1b2,Home Goods,Rewards Visa,,1,cleared,,,,0,
b2de73ef-a67b-4002-a72d-c287995cce9d,aaaaaaaa-bbbb-cccc-dddd-eeeeeeeeeeee,2025-11-30,-314.76,Transfer : Savings,beacd8ec-29f5-4a5a-93e9-c6c71036d6b3,Savings Transfer,Main Checking,,1,cleared,09bcca8d-e0e3-4c7d-a5df-cbdb47b261df,Savings,,0,
52e5e194-bb44-41a5-9298-c2b90133a835,aaaaaaaa-bbbb-cccc-dddd-eeeeeeeeeeee,2025-11-30,314.76,Transfer : Main Checking,,Uncategorized,Savings,,1,cleared,efdfffd0-fbc6-4fdd-bbc9-0aa37b1f0086,Main Checking,,0,
ece4c42f-a4bd-43a8-9a69-1c33af0c1436,aaaaaaaa-bbbb-cccc-dddd-eeeeeeeeeeee,2025-11-30,1094.76,Reconciliation Balance Adjustment,,Uncategorized,Investment Account,Entered automatically by YNAB,1,reconciled,,,,0,
90fdf8c3-25f5-40ff-b5cd-dbf97563211f,aaaaaaaa-bbbb-cccc-dddd-eeeeeeeeeeee,2025-11-29,-57.98,Amazon Prime,,Uncategorized,Rewards Visa,,0,cleared,,,,0,
2291c096-f7ab-488f-85ab-0d34d163594f,aaaaaaaa-bbbb-cccc-dddd-eeeeeeeeeeee,2025-11-29,-66.21,Metro Power Co,603b716e-440b-47fc-99ad-5995588b6c71,Electricity,Rewards Visa,,1,cleared,,,,0,
e5a9873b-00b7-4453-bc72-2907b36e8632,aaaaaaaa-bbbb-cccc-dddd-eeeeeeeeeeee,2025-11-29,-96.97,Sunshine Foods,19a59c78-334b-4401-8019-5e12b9e917d6,Groceries,Rewards Visa,,1,cleared,,,,0,
8bf59b51-373a-4f94-800e-dfa08bd0719c,aaaaaaaa-bbbb-cccc-dddd-eeeeeeeeeeee,2025-11-28,-27.85,Valley Pharmacy,d97766af-77f1-4468-adfc-df962d27e024,Healthcare,Rewards Visa,,1,cleared,,,,0,
77b7abbd-5b22-43dd-aed8-66fed6b19794,aaaaaaaa-bbbb-cccc-dddd-eeeeeeeeeeee,2025-11-28,-154.58,FastNet Internet,50e0e035-d713-4a6d-be1f-e853184fe2df,Internet,Rewards Visa,,1,cleared,,,,0,
dd69ade0-c162-4301-86e4-cf3d160960fa,aaaaaaaa-bbbb-cccc-dddd-eeeeeeeeeeee,2025-11-28,-64.04,Classic Outfitters,d9f19040-eab9-4326-8deb-aa0f1bd649eb,Clothing,Rewards Visa,,1,cleared,,,,0,
5a4103ee-e573-4c8c-908b-98a739c68cb3,aaaaaaaa-bbbb-cccc-dddd-eeeeeeeeeeee,2025-11-28,-61.31,Highway Gas Station,0f0823c2-1186-461d-a46e-1d41ad869106,Gas,Rewards Visa,,1,cleared,,,,0,
b97873c5-48b8-4430-aa73-202d6a25d75a,aaaaaaaa-bbbb-cccc-dddd-eeeeeeeeeeee,2025-11-28,-69.54,Comfort Living,951382ad-29ea-45c0-8de2-3b05bae9f1b2,Home Goods,Rewards Visa,,1,cleared,,,,0,
bb22dd7f-1a25-4271-a6a3-31961604d047,aaaaaaaa-bbbb-cccc-dddd-eeeeeeeeeeee,2025-11-27,-11.14,Kids Corner,c7826ef0-d98c-4bd1-8608-d3b91e038b30,Baby & Kids,Rewards Visa,,1,cleared,,,,0,
9df38c86-f41c-476c-a461-116d826f4b6f,aaaaaaaa-bbbb-cccc-dddd-eeeeeeeeeeee,2025-11-27,-19.5,Yoga Studio,ca4b0759-d855-4f21-8499-42025bab4419,Fitness,Rewards Visa,,1,cleared,,,,0,
c8fe41a1-816d-4da2-a8ac-56a9418df782,aaaaaaaa-bbbb-cccc-dddd-eeeeeeeeeeee,2025-11-26,-23.77,Concert Hall,ce39dc32-7f4e-4a4f-9328-68c9f697f6d2,Entertainment,Rewards Visa,,1,cleared,,,,0,
a9033571-7546-46a0-84a8-1e3010c6b5f6,aaaaaaaa-bbbb-cccc-dddd-eeeeeeeeeeee,2025-11-26,-142.39,Metro Power Co,603b716e-440b-47fc-99ad-5995588b6c71,Electricity,Rewards Visa,,1,cleared,,,,0,
b292275a-37e3-4098-8790-d4c8fc2156eb,aaaaaaaa-bbbb-cccc-dddd-eeeeeeeeeeee,2025-11-26,-49.2,Quick Lube Express,93546e19-f488-43df-9bfb-1879d71e7208,Car Maintenance,Rewards Visa,,1,cleared,,,,0,
1e638169-fec9-4a77-9ed7-5ee5e385755a,aaaaaaaa-bbbb-cccc-dddd-eeeeeeeeeeee,2025-11-26,-177.76,MobileFirst Wireless,6cf93a84-c585-4d7e-b60a-e50c3fea7f61,Phone,Rewards Visa,,1,cleared,,,,0,
74533569-c4c5-4fc8-8be5-8a36d4e0c5fe,aaaaaaaa-bbbb-cccc-dddd-eeeeeeeeeeee,2025-11-26,-88.27,Kids Corner,c7826ef0-d98c-4bd1-8608-d3b91e038b30,Baby & Kids,Rewards Visa,,0,cleared,,,,0,
0fb9d1f9-7226-46d6-ac55-e354e1a0e61e,aaaaaaaa-bbbb-cccc-dddd-eeeeeeeeeeee,2025-11-25,-96.96,Amazon Marketplace,,Uncategorized,Rewards Visa,,0,cleared,,,,0,
4a985138-1f52-478b-b783-7bfda090351d,aaaaaaaa-bbbb-cccc-dddd-eeeeeeeeeeee,2025-11-25,-86.58,MobileFirst Wireless,6cf93a84-c585-4d7e-b60a-e50c3fea7f61,Phone,Rewards Visa,,1,cleared,,,,0,
79372903-eda8-40f1-8052-92a52c6a46bb,aaaaaaaa-bbbb-cccc-dddd-eeeeeeeeeeee,2025-11-25,-64.93,Concert Hall,ce39dc32-7f4e-4a4f-9328-68c9f697f6d2,Entertainment,Rewards Visa,,1,cleared,,,,0,
bf203aa2-f7cd-46ae-8fa9-0e3bad6a285f,aaaaaaaa-bbbb-cccc-dddd-eeeeeeeeeeee,2025-11-24,-54.49,TechMart Electronics,9a9f9e4f-30c3-448a-a847-92526ec6db95,Electronics,Rewards Visa,,1,cleared,,,,0,
3ad1d04c-377c-49ca-9050-888c2000780a,aaaaaaaa-bbbb-cccc-dddd-eeeeeeeeeeee,2025-11-24,-53.88,TechMart Electronics,9a9f9e4f-30c3-448a-a847-92526ec6db95,Electronics,Rewards Visa,,1,cleared,,,,0,
9e335d27-6522-4d67-a35d-d54ab80a07e7,aaaaaaaa-bbbb-cccc-dddd-eeeeeeeeeeee,2025-11-24,-40.63,Comfort Living,951382ad-29ea-45c0-8de2-3b05bae9f1b2,Home Goods,Rewards Visa,,1,cleared,,,,0,
5a675ad6-8537-41b7-aa98-f2a37d0717be,aaaaaaaa-bbbb-cccc-dddd-eeeeeeeeeeee,2025-11-24,-127.49,MobileFirst Wireless,6cf93a84-c585-4d7e-b60a-e50c3fea7f61,Phone,Rewards Visa,,1,cleared,,,,0,
47987df3-8620-46b8-9f57-22f5c66d7ccf,aaaaaaaa-bbbb-cccc-dddd-eeeeeeeeeeee,2025-11-24,-86.2,City Water District,af8c6329-3e75-4d42-8497-3eefb30da322,Water/Sewer,Rewards Visa,,1,cleared,,,,0,
cf250d22-3bc4-4ae4-ae94-8a64b35efa7c,aaaaaaaa-bbbb-cccc-dddd-eeeeeeeeeeee,2025-11-23,-72.15,AutoCare Service Center,93546e19-f488-43df-9bfb-1879d71e7208,Car Maintenance,Rewards Visa,,1,cleared,,,,0,
17f71d75-670e-491e-b364-3eb65dc0969a,aaaaaaaa-bbbb-cccc-dddd-eeeeeeeeeeee,2025-11-23,-81.36,Quick Lube Express,93546e19-f488-43df-9bfb-1879d71e7208,Car Maintenance,Rewards Visa,,1,cleared,,,,0,
57f22fc5-79a0-40b4-a790-0654e8829c1f,aaaaaaaa-bbbb-cccc-dddd-eeeeeeeeeeee,2025-11-23,-5.77,Daily Grind Cafe,d4673e6d-97e5-478e-9098-d7825642274f,Coffee Shops,Rewards Visa,,1,cleared,,,,0,
77df124d-2fe6-40ce-8b20-445414c53110,aaaaaaaa-bbbb-cccc-dddd-eeeeeeeeeeee,2025-11-23,-149.59,FastNet Internet,50e0e035-d713-4a6d-be1f-e853184fe2df,Internet,Rewards Visa,,1,cleared,,,,0,
4ccf8ded-0b12-421c-b282-facc03de68d0,aaaaaaaa-bbbb-cccc-dddd-eeeeeeeeeeee,2025-11-23,-59.81,Comfort Living,951382ad-29ea-45c0-8de2-3b05bae9f1b2,Home Goods,Rewards Visa,,1,cleared,,,,0,
e93a2da4-0319-40c3-a289-84a4afb3aec0,aaaaaaaa-bbbb-cccc-dddd-eeeeeeeeeeee,2025-11-22,-41.66,Yoga Studio,ca4b0759-d855-4f21-8499-42025bab4419,Fitness,Rewards Visa,,1,cleared,,,,0,
272c8efd-ff0d-4da5-a6bd-b44afb751ac9,aaaaaaaa-bbbb-cccc-dddd-eeeeeeeeeeee,2025-11-22,-37.6,Game Zone,ce39dc32-7f4e-4a4f-9328-68c9f697f6d2,Entertainment,Rewards Visa,,1,cleared,,,,0,
7efc492a-2b30-46f3-8b9c-d20ff3932419,aaaaaaaa-bbbb-cccc-dddd-eeeeeeeeeeee,2025-11-22,-158.19,FastNet Internet,50e0e035-d713-4a6d-be1f-e853184fe2df,Internet,Rewards Visa,,1,cleared,,,,0,
81ba5f02-f14c-4eca-8c33-f7309261c1cc,aaaaaaaa-bbbb-cccc-dddd-eeeeeeeeeeee,2025-11-22,-76.86,TechMart Electronics,9a9f9e4f-30c3-448a-a847-92526ec6db95,Electronics,Rewards Visa,,1,cleared,,,,0,
21fb1624-d1b7-42aa-bd7a-50b6d42e587d,aaaaaaaa-bbbb-cccc-dddd-eeeeeeeeeeee,2025-11-21,-160.79,City Water District,af8c6329-3e75-4d42-8497-3eefb30da322,Water/Sewer,Rewards Visa,,1,cleared,,,,0,
61e29fbb-d320-4d50-86d9-c6ddda361da5,aaaaaaaa-bbbb-cccc-dddd-eeeeeeeeeeee,2025-11-21,-197.08,MobileFirst Wireless,6cf93a84-c585-4d7e-b60a-e50c3fea7f61,Phone,Rewards Visa,,1,cleared,,,,0,
b1a76d00-f4e3-4d3f-a15c-f820178daeaa,aaaaaaaa-bbbb-cccc-dddd-eeeeeeeeeeee,2025-11-21,-84.12,City Water District,af8c6329-3e75-4d42-8497-3eefb30da322,Water/Sewer,Rewards Visa,,1,cleared,,,,0,
abbb48b1-8bc9-4ef5-a8e1-6ea9d2def4d4,aaaaaaaa-bbbb-cccc-dddd-eeeeeeeeeeee,2025-11-20,-73.72,Fashion Forward,d9f19040-eab9-4326-8deb-aa0f1bd649eb,Clothing,Rewards Visa,,1,cleared,,,,0,
89640f57-75d4-4dc5-8907-0ed6fc20abec,aaaaaaaa-bbbb-cccc-dddd-eeeeeeeeeeee,2025-11-20,-10.45,CloudStorage Pro,36b782be-b33c-4ae9-9116-b3a794e430f1,Subscriptions,Rewards Visa,,1,cleared,,,,0,
cb7ce950-20f8-42af-8727-7a941a7b721c,aaaaaaaa-bbbb-cccc-dddd-eeeeeeeeeeee,2025-11-20,-33.99,Thai Garden,42bb8ceb-37f0-4cc0-b28e-d967578503fc,Dining Out,Rewards Visa,,1,cleared,,,,0,
1eae5e41-8696-4965-a629-eb31fc6d0cd0,aaaaaaaa-bbbb-cccc-dddd-eeeeeeeeeeee,2025-11-19,-22.99,AMZN Mktp,,Uncategorized,Rewards Visa,,0,cleared,,,,0,
a9559f34-8f79-46be-a805-aaf4caed2b2a,aaaaaaaa-bbbb-cccc-dddd-eeeeeeeeeeee,2025-11-19,-88.54,AutoCare Service Center,93546e19-f488-43df-9bfb-1879d71e7208,Car Maintenance,Rewards Visa,,1,cleared,,,,0,
3a007c18-3c92-4be6-ae58-7bf133c16be8,aaaaaaaa-bbbb-cccc-dddd-eeeeeeeeeeee,2025-11-19,-53.08,Urban Threads,d9f19040-eab9-4326-8deb-aa0f1bd649eb,Clothing,Rewards Visa,,1,cleared,,,,0,
267b57f6-6588-496b-bf5c-1ddf076f3116,aaaaaaaa-bbbb-cccc-dddd-eeeeeeeeeeee,2025-11-19,-96.89,TechMart Electronics,9a9f9e4f-30c3-448a-a847-92526ec6db95,Electronics,Rewards Visa,,1,cleared,,,,0,
96283cb4-83d7-453d-a3bd-c60f2947541a,aaaaaaaa-bbbb-cccc-dddd-eeeeeeeeeeee,2025-11-18,-83.99,AutoCare Service Center,93546e19-f488-43df-9bfb-1879d71e7208,Car Maintenance,Rewards Visa,,1,cleared,,,,0,
01d4c689-4f9a-4d10-8c6f-15ba598588b3,aaaaaaaa-bbbb-cccc-dddd-eeeeeeeeeeee,2025-11-18,-16.67,QuickCare Clinic,d97766af-77f1-4468-adfc-df962d27e024,Healthcare,Rewards Visa,,1,cleared,,,,0,
b09952a0-3fa9-425b-96fe-51db98625eee,aaaaaaaa-bbbb-cccc-dddd-eeeeeeeeeeee,2025-11-18,-24.7,Riverside Cafe,42bb8ceb-37f0-4cc0-b28e-d967578503fc,Dining Out,Rewards Visa,,1,cleared,,,,0,
a877c401-f71d-49e2-b013-99928611b25c,aaaaaaaa-bbbb-cccc-dddd-eeeeeeeeeeee,2025-11-18,-99.45,Fashion Forward,d9f19040-eab9-4326-8deb-aa0f1bd649eb,Clothing,Rewards Visa,,1,cleared,,,,0,
45ade86e-585b-41c4-ba49-f7def332a29a,aaaaaaaa-bbbb-cccc-dddd-eeeeeeeeeeee,2025-11-17,-79.81,FitLife Gym,ca4b0759-d855-4f21-8499-42025bab4419,Fitness,Rewards Visa,,1,cleared,,,,0,
7d430779-0dd6-4dbc-ad5a-b3d5922dcf3c,aaaaaaaa-bbbb-cccc-dddd-eeeeeeeeeeee,2025-11-17,-91.77,QuickCare Clinic,d97766af-77f1-4468-adfc-df962d27e024,Healthcare,Rewards Visa,,1,cleared,,,,0,
6f99fa56-3ac0-44af-b771-dc7e1ab8bcd1,aaaaaaaa-bbbb-cccc-dddd-eeeeeeeeeeee,2025-11-16,-14.99,Amazon,,Uncategorized,Rewards Visa,,0,cleared,,,,0,
a2e3ab1c-ff60-40ca-a802-29934a9cc90a,aaaaaaaa-bbbb-cccc-dddd-eeeeeeeeeeee,2025-11-16,-61.18,Yoga Studio,ca4b0759-d855-4f21-8499-42025bab4419,Fitness,Rewards Visa,,1,cleared,,,,0,
268d21fc-7917-42f8-97b3-31202acfa73c,aaaaaaaa-bbbb-cccc-dddd-eeeeeeeeeeee,2025-11-16,-77.41,Thai Garden,42bb8ceb-37f0-4cc0-b28e-d967578503fc,Dining Out,Rewards Visa,,1,cleared,,,,0,
94f5e847-6005-4fe7-aa43-0a56a8d2c789,aaaaaaaa-bbbb-cccc-dddd-eeeeeeeeeeee,2025-11-16,-55.02,QuickFill Gas,0f0823c2-1186-461d-a46e-1d41ad869106,Gas,Rewards Visa,,1,cleared,,,,0,
9820b8e6-5cf2-4198-9b92-ffe2d4ee48b7,aaaaaaaa-bbbb-cccc-dddd-eeeeeeeeeeee,2025-11-16,-73.56,MobileFirst Wireless,6cf93a84-c585-4d7e-b60a-e50c3fea7f61,Phone,Rewards Visa,,1,cleared,,,,0,
532252d1-7234-4524-b892-6e59b4d56ca8,aaaaaaaa-bbbb-cccc-dddd-eeeeeeeeeeee,2025-11-15,-4.02,Bean There Coffee,d4673e6d-97e5-478e-9098-d7825642274f,Coffee Shops,Rewards Visa,,1,cleared,,,,0,
4ce42775-3484-4da6-b6e9-8e5901b16343,aaaaaaaa-bbbb-cccc-dddd-eeeeeeeeeeee,2025-11-15,-63.44,Concert Hall,ce39dc32-7f4e-4a4f-9328-68c9f697f6d2,Entertainment,Rewards Visa,,1,cleared,,,,0,
de8b55ef-5e54-4636-9e71-2f09c742fc96,aaaaaaaa-bbbb-cccc-dddd-eeeeeeeeeeee,2025-11-15,-30.83,Fashion Forward,d9f19040-eab9-4326-8deb-aa0f1bd649eb,Clothing,Rewards Visa,,1,cleared,,,,0,
7dfe007a-d71f-4bd8-84e2-a16a419fa177,aaaaaaaa-bbbb-cccc-dddd-eeeeeeeeeeee,2025-11-15,-1522.7,Transfer : Rewards Visa,,Uncategorized,Main Checking,,1,cleared,ccddb669-3b7a-4665-ad26-652110322321,Rewards Visa,,0,
7a0bf815-4699-492d-8710-2219942b9ebb,aaaaaaaa-bbbb-cccc-dddd-eeeeeeeeeeee,2025-11-15,1522.7,Transfer : Main Checking,,Uncategorized,Rewards Visa,,1,cleared,efdfffd0-fbc6-4fdd-bbc9-0aa37b1f0086,Main Checking,,0,
aa7bb46d-b3a3-4516-a7e8-f06d141215f7,aaaaaaaa-bbbb-cccc-dddd-eeeeeeeeeeee,2025-11-15,80.47,Reconciliation Balance Adjustment,,Uncategorized,Investment Account,Entered automatically by YNAB,1,reconciled,,,,0,
fab21242-8965-49f0-a851-597170284f46,aaaaaaaa-bbbb-cccc-dddd-eeeeeeeeeeee,2025-11-14,-12.99,AMZN Mktp,,Uncategorized,Rewards Visa,,0,cleared,,,,0,
7fb40268-6e6d-4823-a951-65cdac34ea19,aaaaaaaa-bbbb-cccc-dddd-eeeeeeeeeeee,2025-11-14,-71.86,Cinema World,ce39dc32-7f4e-4a4f-9328-68c9f697f6d2,Entertainment,Rewards Visa,,1,cleared,,,,0,
a05122d3-1c7a-4339-9fcf-912ea2c395a3,aaaaaaaa-bbbb-cccc-dddd-eeeeeeeeeeee,2025-11-14,-113.77,MobileFirst Wireless,6cf93a84-c585-4d7e-b60a-e50c3fea7f61,Phone,Rewards Visa,,1,cleared,,,,0,
22c89e96-4c03-4526-8024-1b4e443cdea4,aaaaaaaa-bbbb-cccc-dddd-eeeeeeeeeeee,2025-11-14,-186.26,FastNet Internet,50e0e035-d713-4a6d-be1f-e853184fe2df,Internet,Rewards Visa,,1,cleared,,,,0,
15f5eff6-107b-442c-9c2e-302ea530e0a9,aaaaaaaa-bbbb-cccc-dddd-eeeeeeeeeeee,2025-11-14,-10.59,StreamFlix,36b782be-b33c-4ae9-9116-b3a794e430f1,Subscriptions,Rewards Visa,,1,cleared,,,,0,
b2bd4abd-8cfb-406d-9f72-6154d57d5abf,aaaaaaaa-bbbb-cccc-dddd-eeeeeeeeeeee,2025-11-13,-21.19,Urban Threads,d9f19040-eab9-4326-8deb-aa0f1bd649eb,Clothing,Rewards Visa,,1,cleared,,,,0,
2f2b3069-4b46-45a0-a42e-0c003010f8c2,aaaaaaaa-bbbb-cccc-dddd-eeeeeeeeeeee,2025-11-13,-46.23,Classic Outfitters,d9f19040-eab9-4326-8deb-aa0f1bd649eb,Clothing,Rewards Visa,,1,cleared,,,,0,
d0d3b1fb-2dd3-43c7-88ad-1450515be8ba,aaaaaaaa-bbbb-cccc-dddd-eeeeeeeeeeee,2025-11-13,-115.66,MobileFirst Wireless,6cf93a84-c585-4d7e-b60a-e50c3fea7f61,Phone,Rewards Visa,,1,cleared,,,,0,
6b5d3426-d3cf-48c6-b27c-40b6f908bad4,aaaaaaaa-bbbb-cccc-dddd-eeeeeeeeeeee,2025-11-13,-62.74,Burger Barn,42bb8ceb-37f0-4cc0-b28e-d967578503fc,Dining Out,Rewards Visa,,1,cleared,,,,0,
114e8135-2dbc-42a9-9464-424e37e1e619,aaaaaaaa-bbbb-cccc-dddd-eeeeeeeeeeee,2025-11-12,-44.99,Amazon Marketplace,,Uncategorized,Rewards Visa,,0,cleared,,,,0,
6272774f-5c80-42b3-87c0-06a9192bf2d6,aaaaaaaa-bbbb-cccc-dddd-eeeeeeeeeeee,2025-11-12,-53.62,Valley Fresh Market,19a59c78-334b-4401-8019-5e12b9e917d6,Groceries,Rewards Visa,,1,cleared,,,,0,
530e1aa5-e89f-4c7b-8b9a-2e58933cd131,aaaaaaaa-bbbb-cccc-dddd-eeeeeeeeeeee,2025-11-12,-97.03,Sunshine Foods,19a59c78-334b-4401-8019-5e12b9e917d6,Groceries,Rewards Visa,,1,cleared,,,,0,
9aac7489-864c-4781-b854-1df62945160c,aaaaaaaa-bbbb-cccc-dddd-eeeeeeeeeeee,2025-11-12,-127.84,Metro Power Co,603b716e-440b-47fc-99ad-5995588b6c71,Electricity,Rewards Visa,,1,cleared,,,,0,
323cd8c3-9775-4424-9c16-b5440bb5d61c,aaaaaaaa-bbbb-cccc-dddd-eeeeeeeeeeee,2025-11-12,-26.33,Game Zone,ce39dc32-7f4e-4a4f-9328-68c9f697f6d2,Entertainment,Rewards Visa,,1,cleared,,,,0,
d41766c3-c18f-482f-b913-d3ecd5401448,aaaaaaaa-bbbb-cccc-dddd-eeeeeeeeeeee,2025-11-12,-68.49,Gadget Galaxy,9a9f9e4f-30c3-448a-a847-92526ec6db95,Electronics,Rewards Visa,,0,cleared,,,,0,
09a6002f-c84e-4c1d-a83f-06e89fd6f069,aaaaaaaa-bbbb-cccc-dddd-eeeeeeeeeeee,2025-11-11,-52.3,AutoCare Service Center,93546e19-f488-43df-9bfb-1879d71e7208,Car Maintenance,Rewards Visa,,1,cleared,,,,0,
ee00d487-386c-489e-8607-11477e3d7321,aaaaaaaa-bbbb-cccc-dddd-eeeeeeeeeeee,2025-11-11,-38.9,Yoga Studio,ca4b0759-d855-4f21-8499-42025bab4419,Fitness,Rewards Visa,,1,cleared,,,,0,
9bb01c31-cbd2-4e95-a127-2f877d8cd4a8,aaaaaaaa-bbbb-cccc-dddd-eeeeeeeeeeee,2025-11-11,-43.19,QuickFill Gas,0f0823c2-1186-461d-a46e-1d41ad869106,Gas,Rewards Visa,,1,cleared,,,,0,
b33533a4-70c5-4f71-ab80-1bcc3cd114b6,aaaaaaaa-bbbb-cccc-dddd-eeeeeeeeeeee,2025-11-11,-69.63,Quick Lube Express,93546e19-f488-43df-9bfb-1879d71e7208,Car Maintenance,Rewards Visa,,1,cleared,,,,0,
2d575124-815c-4716-8e5f-7f6d113b5d9f,aaaaaaaa-bbbb-cccc-dddd-eeeeeeeeeeee,2025-11-11,-13.3,Valley Pharmacy,d97766af-77f1-4468-adfc-df962d27e024,Healthcare,Rewards Visa,,1,cleared,,,,0,
4e607376-5c9d-4207-8711-449bf74571ae,aaaaaaaa-bbbb-cccc-dddd-eeeeeeeeeeee,2025-11-10,-39.09,Gadget Galaxy,9a9f9e4f-30c3-448a-a847-92526ec6db95,Electronics,Rewards Visa,,1,cleared,,,,0,
391e5902-523d-47b8-8cb9-631f2200207d,aaaaaaaa-bbbb-cccc-dddd-eeeeeeeeeeee,2025-11-10,-84.24,Valley Pharmacy,d97766af-77f1-4468-adfc-df962d27e024,Healthcare,Rewards Visa,,1,cleared,,,,0,
bc117317-c6cc-45c7-955c-62c4d889d771,aaaaaaaa-bbbb-cccc-dddd-eeeeeeeeeeee,2025-11-09,-16.99,Amazon Marketplace,,Uncategorized,Rewards Visa,,0,cleared,,,,0,
93912772-1e0b-4b61-a8e2-df9656063819,aaaaaaaa-bbbb-cccc-dddd-eeeeeeeeeeee,2025-11-09,-14.88,Game Zone,ce39dc32-7f4e-4a4f-9328-68c9f697f6d2,Entertainment,Rewards Visa,,1,cleared,,,,0,
63f88132-0363-4414-b59d-d0e26fb33610,aaaaaaaa-bbbb-cccc-dddd-eeeeeeeeeeee,2025-11-09,-66.04,Kids Corner,c7826ef0-d98c-4bd1-8608-d3b91e038b30,Baby & Kids,Rewards Visa,,1,cleared,,,,0,
bd49ca06-4a40-4d45-9af1-5fe134544947,aaaaaaaa-bbbb-cccc-dddd-eeeeeeeeeeee,2025-11-08,-34.99,Amazon Prime,,Uncategorized,Rewards Visa,,0,cleared,,,,0,
7b15fa7b-c516-4f6a-b6a1-61ce4c641fb4,aaaaaaaa-bbbb-cccc-dddd-eeeeeeeeeeee,2025-11-08,-28.32,Cinema World,ce39dc32-7f4e-4a4f-9328-68c9f697f6d2,Entertainment,Rewards Visa,,1,cleared,,,,0,
4488e3c2-fc22-4a97-af9b-7ffad92d7956,aaaaaaaa-bbbb-cccc-dddd-eeeeeeeeeeee,2025-11-08,-14.37,CloudStorage Pro,36b782be-b33c-4ae9-9116-b3a794e430f1,Subscriptions,Rewards Visa,,1,cleared,,,,0,
64261492-dfaf-4cd1-8fff-b35d2639cd9d,aaaaaaaa-bbbb-cccc-dddd-eeeeeeeeeeee,2025-11-08,-12.6,AutoCare Service Center,93546e19-f488-43df-9bfb-1879d71e7208,Car Maintenance,Rewards Visa,,1,cleared,,,,0,
208d2430-93b8-45ce-a031-78a970d49a0d,aaaaaaaa-bbbb-cccc-dddd-eeeeeeeeeeee,2025-11-08,-96.61,FastNet Internet,50e0e035-d713-4a6d-be1f-e853184fe2df,Internet,Rewards Visa,,1,cleared,,,,0,
083cf2c7-d41b-46fe-ab17-1894ac2116c9,aaaaaaaa-bbbb-cccc-dddd-eeeeeeeeeeee,2025-11-08,-36.65,Corner Mart,19a59c78-334b-4401-8019-5e12b9e917d6,Groceries,Rewards Visa,,1,cleared,,,,0,
31d8f280-5e2e-455d-8282-3c8df27a591c,aaaaaaaa-bbbb-cccc-dddd-eeeeeeeeeeee,2025-11-08,-24.97,Speedy Fuel,0f0823c2-1186-461d-a46e-1d41ad869106,Gas,Rewards Visa,,0,cleared,,,,0,
f442af9d-a908-4ced-92ae-53062f739e6a,aaaaaaaa-bbbb-cccc-dddd-eeeeeeeeeeee,2025-11-07,-68.29,Cinema World,ce39dc32-7f4e-4a4f-9328-68c9f697f6d2,Entertainment,Rewards Visa,,1,cleared,,,,0,
8198eaf6-6604-4de3-bc48-8c4292eb9555,aaaaaaaa-bbbb-cccc-dddd-eeeeeeeeeeee,2025-11-07,-19.32,NewsDaily Plus,36b782be-b33c-4ae9-9116-b3a794e430f1,Subscriptions,Rewards Visa,,1,cleared,,,,0,
9acf7b2e-45ef-450b-8c84-b2759495945b,aaaaaaaa-bbbb-cccc-dddd-eeeeeeeeeeee,2025-11-06,-29.99,Amazon,,Uncategorized,Rewards Visa,,0,cleared,,,,0,
37aeea91-e586-41d8-81ae-d31426bd1982,aaaaaaaa-bbbb-cccc-dddd-eeeeeeeeeeee,2025-11-06,-47.39,Kids Corner,c7826ef0-d98c-4bd1-8608-d3b91e038b30,Baby & Kids,Rewards Visa,,1,cleared,,,,0,
2f888ba1-8cfe-4279-ad87-16cb293bcf88,aaaaaaaa-bbbb-cccc-dddd-eeeeeeeeeeee,2025-11-06,-31.94,Quick Lube Express,93546e19-f488-43df-9bfb-1879d71e7208,Car Maintenance,Rewards Visa,,1,cleared,,,,0,
f5f9c557-359b-467b-9002-ae161e7e03c1,aaaaaaaa-bbbb-cccc-dddd-eeeeeeeeeeee,2025-11-06,-11.9,NewsDaily Plus,36b782be-b33c-4ae9-9116-b3a794e430f1,Subscriptions,Rewards Visa,,1,cleared,,,,0,
4be6122c-0b25-4214-890f-97f8e890c108,aaaaaaaa-bbbb-cccc-dddd-eeeeeeeeeeee,2025-11-06,-87.76,Little Ones Shop,c7826ef0-d98c-4bd1-8608-d3b91e038b30,Baby & Kids,Rewards Visa,,1,cleared,,,,0,
38b6caba-e585-40d5-a25e-8bcc2fbadb23,aaaaaaaa-bbbb-cccc-dddd-eeeeeeeeeeee,2025-11-06,-16.16,Thai Garden,42bb8ceb-37f0-4cc0-b28e-d967578503fc,Dining Out,Rewards Visa,,0,cleared,,,,0,
06845400-9daa-466f-875d-be7bad217c23,aaaaaaaa-bbbb-cccc-dddd-eeeeeeeeeeee,2025-11-05,-94.08,Yoga Studio,ca4b0759-d855-4f21-8499-42025bab4419,Fitness,Rewards Visa,,1,cleared,,,,0,
12d86763-c323-4ed6-b1b2-a18948fc019f,aaaaaaaa-bbbb-cccc-dddd-eeeeeeeeeeee,2025-11-05,-83.85,Kids Corner,c7826ef0-d98c-4bd1-8608-d3b91e038b30,Baby & Kids,Rewards Visa,,1,cleared,,,,0,
92d81e7d-cf4d-412f-8409-62513d7ba7d0,aaaaaaaa-bbbb-cccc-dddd-eeeeeeeeeeee,2025-11-05,-36.87,Classic Outfitters,d9f19040-eab9-4326-8deb-aa0f1bd649eb,Clothing,Rewards Visa,,1,cleared,,,,0,
5abc1f1e-ed3b-4d5f-836b-56b4757dcd0d,aaaaaaaa-bbbb-cccc-dddd-eeeeeeeeeeee,2025-11-05,-50.19,AutoCare Service Center,93546e19-f488-43df-9bfb-1879d71e7208,Car Maintenance,Rewards Visa,,1,cleared,,,,0,
a3399035-f8a4-43d7-98aa-7cce2ade8cff,aaaaaaaa-bbbb-cccc-dddd-eeeeeeeeeeee,2025-11-05,-382.85,Transfer : Savings,beacd8ec-29f5-4a5a-93e9-c6c71036d6b3,Savings Transfer,Main Checking,,1,cleared,09bcca8d-e0e3-4c7d-a5df-cbdb47b261df,Savings,,0,
c6830b96-751d-4500-802f-e7c1463bedaa,aaaaaaaa-bbbb-cccc-dddd-eeeeeeeeeeee,2025-11-05,382.85,Transfer : Main Checking,,Uncategorized,Savings,,1,cleared,efdfffd0-fbc6-4fdd-bbc9-0aa37b1f0086,Main Checking,,0,
6ba05454-166d-4b72-a175-910e46b2c48d,aaaaaaaa-bbbb-cccc-dddd-eeeeeeeeeeee,2025-11-04,-39.99,AMZN Mktp,,Uncategorized,Rewards Visa,,0,cleared,,,,0,
73f3d1ba-aa7a-448d-bcd7-4696d56be473,aaaaaaaa-bbbb-cccc-dddd-eeeeeeeeeeee,2025-11-04,-59.67,Comfort Living,951382ad-29ea-45c0-8de2-3b05bae9f1b2,Home Goods,Rewards Visa,,1,cleared,,,,0,
70b8d979-3ba3-48d9-b979-26fa7cafbbff,aaaaaaaa-bbbb-cccc-dddd-eeeeeeeeeeee,2025-11-04,-93.96,QuickCare Clinic,d97766af-77f1-4468-adfc-df962d27e024,Healthcare,Rewards Visa,,1,cleared,,,,0,
18f72af1-1c14-4002-826d-91cb732c20a8,aaaaaaaa-bbbb-cccc-dddd-eeeeeeeeeeee,2025-11-04,-135.77,City Water District,af8c6329-3e75-4d42-8497-3eefb30da322,Water/Sewer,Rewards Visa,,1,cleared,,,,0,
1f41c5a6-1e87-409e-97a6-7018637b4347,aaaaaaaa-bbbb-cccc-dddd-eeeeeeeeeeee,2025-11-04,-56.55,FastNet Internet,50e0e035-d713-4a6d-be1f-e853184fe2df,Internet,Rewards Visa,,1,cleared,,,,0,
2efe79c9-c668-4984-8517-e4cbd4355f03,aaaaaaaa-bbbb-cccc-dddd-eeeeeeeeeeee,2025-11-04,-44.75,Quick Lube Express,93546e19-f488-43df-9bfb-1879d71e7208,Car Maintenance,Rewards Visa,,1,cleared,,,,0,
20b5d757-9fa4-4039-9961-761bc838f340,aaaaaaaa-bbbb-cccc-dddd-eeeeeeeeeeee,2025-11-03,-19.99,AMZN Mktp,,Uncategorized,Rewards Visa,,0,cleared,,,,0,
fb869096-d30b-4d58-902c-fbf8a37b40b1,aaaaaaaa-bbbb-cccc-dddd-eeeeeeeeeeee,2025-11-03,-14.99,Amazon,,Uncategorized,Rewards Visa,,0,cleared,,,,0,
94dfa522-ecc2-47e9-896e-669ff5ba95d3,aaaaaaaa-bbbb-cccc-dddd-eeeeeeeeeeee,2025-11-03,-24.99,Amazon Prime,,Uncategorized,Rewards Visa,,1,cleared,,,,0,
71b3062b-7e27-4792-aa51-337a0cd24a2f,aaaaaaaa-bbbb-cccc-dddd-eeeeeeeeeeee,2025-11-03,-80.34,Daily Grind Cafe,d4673e6d-97e5-478e-9098-d7825642274f,Coffee Shops,Rewards Visa,,0,cleared,,,,0,
15cc1264-3660-4afa-9899-58b8cdacdbcf,aaaaaaaa-bbbb-cccc-dddd-eeeeeeeeeeee,2025-11-02,-34.99,Amazon,,Uncategorized,Rewards Visa,,1,cleared,,,,0,
8484b2ff-aed9-42a1-8860-326fb6b4ffcc,aaaaaaaa-bbbb-cccc-dddd-eeeeeeeeeeee,2025-11-02,-12.99,Amazon Marketplace,,Uncategorized,Rewards Visa,,1,cleared,,,,0,
c2a5d85f-2d74-4b40-8a2b-b83fd4ab3b75,aaaaaaaa-bbbb-cccc-dddd-eeeeeeeeeeee,2025-11-01,4333.68,Employer Direct Deposit,39d68c8a-3411-4f92-ae06-ab91a308bc67,Inflow: Ready to Assign,Main Checking,,1,cleared,,,,0,
be36f2be-188e-4785-890a-26e0eaf98030,aaaaaaaa-bbbb-cccc-dddd-eeeeeeeeeeee,2025-10-31,957.89,Reconciliation Balance Adjustment,,Uncategorized,Investment Account,Entered automatically by YNAB,1,reconciled,,,,0,
1ba53d39-3f63-48c9-a172-644ce41e796e,aaaaaaaa-bbbb-cccc-dddd-eeeeeeeeeeee,2025-10-30,-14.99,Amazon,,Uncategorized,Rewards Visa,,1,cleared,,,,0,
7ba37fcc-dcc8-47f0-b946-e451c1e198d5,aaaaaaaa-bbbb-cccc-dddd-eeeeeeeeeeee,2025-10-26,-12.99,Amazon Prime,,Uncategorized,Rewards Visa,,1,cleared,,,,0,
0a4faece-a3c0-42ab-82b0-f666c99dfff5,aaaaaaaa-bbbb-cccc-dddd-eeeeeeeeeeee,2025-10-26,-1118.08,Transfer : Rewards Visa,,Uncategorized,Main Checking,,1,cleared,ccddb669-3b7a-4665-ad26-652110322321,Rewards Visa,,0,
53317dc6-926a-4652-a21b-a7c5cf8dbdb9,aaaaaaaa-bbbb-cccc-dddd-eeeeeeeeeeee,2025-10-26,1118.08,Transfer : Main Checking,,Uncategorized,Rewards Visa,,1,cleared,efdfffd0-fbc6-4fdd-bbc9-0aa37b1f0086,Main Checking,,0,
bc209797-3781-4fa5-a365-a7cac213e2d0,aaaaaaaa-bbbb-cccc-dddd-eeeeeeeeeeee,2025-10-24,-16.99,Amazon Prime,9a9f9e4f-30c3-448a-a847-92526ec6db95,Electronics,Rewards Visa,,1,cleared,,,,0,
85722124-2493-4c4c-9c19-20ce0fc5abb8,aaaaaaaa-bbbb-cccc-dddd-eeeeeeeeeeee,2025-10-21,-8.99,Amazon Marketplace,9a9f9e4f-30c3-448a-a847-92526ec6db95,Electronics,Rewards Visa,,1,cleared,,,,0,
1e8477e1-ef4c-40f6-a49e-014ec8c59090,aaaaaaaa-bbbb-cccc-dddd-eeeeeeeeeeee,2025-10-21,-24.99,Amazon,c7826ef0-d98c-4bd1-8608-d3b91e038b30,Baby & Kids,Rewards Visa,,1,cleared,,,,0,
7e5d19b5-e8d9-43e8-82ab-cc56718b97f2,aaaaaaaa-bbbb-cccc-dddd-eeeeeeeeeeee,2025-10-21,-28.99,AMZN Mktp,951382ad-29ea-45c0-8de2-3b05bae9f1b2,Home Goods,Rewards Visa,,1,cleared,,,,0,
755fe2d8-a364-411a-b402-0f7f3f4a9db3,aaaaaaaa-bbbb-cccc-dddd-eeeeeeeeeeee,2025-10-20,-88.38,NewsDaily Plus,36b782be-b33c-4ae9-9116-b3a794e430f1,Subscriptions,Rewards Visa,,0,cleared,,,,0,
f4102cc2-69c1-48d3-bbda-63e89c393a24,aaaaaaaa-bbbb-cccc-dddd-eeeeeeeeeeee,2025-10-19,-16.99,Amazon Prime,951382ad-29ea-45c0-8de2-3b05bae9f1b2,Home Goods,Rewards Visa,,1,cleared,,,,0,
cef6bab1-bb5f-4310-9519-90d559ef3e33,aaaaaaaa-bbbb-cccc-dddd-eeeeeeeeeeee,2025-10-19,-28.99,Amazon Prime,c7826ef0-d98c-4bd1-8608-d3b91e038b30,Baby & Kids,Rewards Visa,,1,cleared,,,,0,
bfdf6564-d21a-42f9-9532-d53924c39a9e,aaaaaaaa-bbbb-cccc-dddd-eeeeeeeeeeee,2025-10-19,-43.74,Urban Threads,d9f19040-eab9-4326-8deb-aa0f1bd649eb,Clothing,Rewards Visa,,0,cleared,,,,0,
1b3b2105-bed7-430d-83f3-9d932d931cd4,aaaaaaaa-bbbb-cccc-dddd-eeeeeeeeeeee,2025-10-18,-8.99,Amazon Marketplace,44672071-39c3-4d7f-b022-b50059b93a46,General Shopping,Rewards Visa,,1,cleared,,,,0,
7aeac020-fa45-4b39-8ddc-4bf015aed8e4,aaaaaaaa-bbbb-cccc-dddd-eeeeeeeeeeee,2025-10-18,-9.99,Amazon,44672071-39c3-4d7f-b022-b50059b93a46,General Shopping,Rewards Visa,,1,cleared,,,,0,
c5758c1f-2bd1-4a8a-89aa-a32c96e0620f,aaaaaaaa-bbbb-cccc-dddd-eeeeeeeeeeee,2025-10-17,-29.99,Amazon,951382ad-29ea-45c0-8de2-3b05bae9f1b2,Home Goods,Rewards Visa,,1,cleared,,,,0,
6cd5edf0-537c-47b3-989a-27d49ff7cf11,aaaaaaaa-bbbb-cccc-dddd-eeeeeeeeeeee,2025-10-17,-96.83,NewsDaily Plus,36b782be-b33c-4ae9-9116-b3a794e430f1,Subscriptions,Rewards Visa,,0,cleared,,,,0,
abeb5bc5-eee6-4b5c-bbab-c0a2e8a9ec75,aaaaaaaa-bbbb-cccc-dddd-eeeeeeeeeeee,2025-10-16,-22.99,Amazon Prime,951382ad-29ea-45c0-8de2-3b05bae9f1b2,Home Goods,Rewards Visa,,1,cleared,,,,0,
16d9e80a-38ab-4358-9349-96f904953bf3,aaaaaaaa-bbbb-cccc-dddd-eeeeeeeeeeee,2025-10-16,744.17,Reconciliation Balance Adjustment,,Uncategorized,Investment Account,Entered automatically by YNAB,1,reconciled,,,,0,
6b8b73b4-44cd-49b9-9e87-572d140e4f3b,aaaaaaaa-bbbb-cccc-dddd-eeeeeeeeeeee,2025-10-14,-12.99,Amazon,44672071-39c3-4d7f-b022-b50059b93a46,General Shopping,Rewards Visa,,1,cleared,,,,0,
342e3e4d-36e6-488b-b825-b412ed51bf38,aaaaaaaa-bbbb-cccc-dddd-eeeeeeeeeeee,2025-10-13,-49.06,FastNet Internet,50e0e035-d713-4a6d-be1f-e853184fe2df,Internet,Rewards Visa,,0,cleared,,,,0,
c1bd6aca-f167-433c-8a45-f6fb7e22f7c2,aaaaaaaa-bbbb-cccc-dddd-eeeeeeeeeeee,2025-10-11,-252.52,Transfer : Savings,beacd8ec-29f5-4a5a-93e9-c6c71036d6b3,Savings Transfer,Main Checking,,1,cleared,09bcca8d-e0e3-4c7d-a5df-cbdb47b261df,Savings,,0,
9a874dfe-9cc8-43eb-a7e5-3a4e39b0c553,aaaaaaaa-bbbb-cccc-dddd-eeeeeeeeeeee,2025-10-11,252.52,Transfer : Main Checking,,Uncategorized,Savings,,1,cleared,efdfffd0-fbc6-4fdd-bbc9-0aa37b1f0086,Main Checking,,0,
cb8482f3-a208-4413-a342-10457db7a7e5,aaaaaaaa-bbbb-cccc-dddd-eeeeeeeeeeee,2025-10-08,-22.99,Amazon Prime,44672071-39c3-4d7f-b022-b50059b93a46,General Shopping,Rewards Visa,,1,cleared,,,,0,
3558e84b-3da1-4238-b4d5-4fcb1b7b2d47,aaaaaaaa-bbbb-cccc-dddd-eeeeeeeeeeee,2025-10-08,-24.99,Amazon Marketplace,951382ad-29ea-45c0-8de2-3b05bae9f1b2,Home Goods,Rewards Visa,,1,cleared,,,,0,
9c1ec3d5-e6f2-40fd-baa7-dcd757e13517,aaaaaaaa-bbbb-cccc-dddd-eeeeeeeeeeee,2025-10-08,-19.99,Amazon Marketplace,c7826ef0-d98c-4bd1-8608-d3b91e038b30,Baby & Kids,Rewards Visa,,1,cleared,,,,0,
0a9459c1-e54a-404b-9c64-cab0e5503920,aaaaaaaa-bbbb-cccc-dddd-eeeeeeeeeeee,2025-10-08,-39.19,Valley Fresh Market,19a59c78-334b-4401-8019-5e12b9e917d6,Groceries,Rewards Visa,,0,cleared,,,,0,
b15fb8a9-72df-4802-a8dc-6938b59bdaad,aaaaaaaa-bbbb-cccc-dddd-eeeeeeeeeeee,2025-10-06,-22.99,Amazon,951382ad-29ea-45c0-8de2-3b05bae9f1b2,Home Goods,Rewards Visa,,1,cleared,,,,0,
c0a4bfd0-c12e-4ff0-9aa0-9846e27ad89a,aaaaaaaa-bbbb-cccc-dddd-eeeeeeeeeeee,2025-10-06,-866.3,Transfer : Rewards Visa,,Uncategorized,Main Checking,,1,cleared,ccddb669-3b7a-4665-ad26-652110322321,Rewards Visa,,0,
c64e3361-202a-43ef-aa0d-0ada12f4019b,aaaaaaaa-bbbb-cccc-dddd-eeeeeeeeeeee,2025-10-06,866.3,Transfer : Main Checking,,Uncategorized,Rewards Visa,,1,cleared,efdfffd0-fbc6-4fdd-bbc9-0aa37b1f0086,Main Checking,,0,
c3fd81f9-e704-4eb1-8d48-31458b72e4a2,aaaaaaaa-bbbb-cccc-dddd-eeeeeeeeeeee,2025-10-02,-91.94,Highway Gas Station,0f0823c2-1186-461d-a46e-1d41ad869106,Gas,Rewards Visa,,0,cleared,,,,0,
6a6866fe-0a76-4373-9509-b7513062e459,aaaaaaaa-bbbb-cccc-dddd-eeeeeeeeeeee,2025-10-02,3919.14,Employer Direct Deposit,39d68c8a-3411-4f92-ae06-ab91a308bc67,Inflow: Ready to Assign,Main Checking,,1,cleared,,,,0,
3189a694-910d-4f93-8e79-ec97d7077aab,aaaaaaaa-bbbb-cccc-dddd-eeeeeeeeeeee,2025-10-01,1207.84,Reconciliation Balance Adjustment,,Uncategorized,Investment Account,Entered automatically by YNAB,1,reconciled,,,,0,
